resultado_codigo,eje_numero,eje_es,eje_en,linea_accion_codigo,linea_accion_es,linea_accion_en,resultado_esperado_es,resultado_esperado_en,intervencion_id,pagina_plan,intervencion_fuente_es,objetivo_fuente_es,responsable_oficial,estado_ejecucion,cruce_catalogo_estado,proyecto_ids,indicadores,fecha_ultima_revision
1.1.1,1,"IA ética, segura y responsable","Ethical, safe and responsible AI",1.1,"Proponer un marco ético y normativo para el uso, adopción y desarrollo responsable de la IA en Costa Rica","Propose an ethical and regulatory framework for responsible AI use, adoption and development in Costa Rica",Sandbox regulatorio de IA implementado,AI regulatory sandbox implemented,enia-1-1-1-01,1,Modelo de gestión del sandbox regulatorio de IA,Diseñar el modelo de gestión del sandbox regulatorio de IA,MICITT-DIDI,no-verificado,no-es-sistema-ia,,1,2026-08-21
1.1.2,1,"IA ética, segura y responsable","Ethical, safe and responsible AI",1.1,"Proponer un marco ético y normativo para el uso, adopción y desarrollo responsable de la IA en Costa Rica","Propose an ethical and regulatory framework for responsible AI use, adoption and development in Costa Rica",Marco ético y normativo integral e inclusivo que no limite el desarrollo tecnológico y la innovación elaborado,Comprehensive and inclusive ethical and regulatory framework developed without limiting technological development and innovation,enia-1-1-2-01,1,Marco ético y normativo del diagnóstico clínico en salud,Desarrollar el marco ético y normativo para el control del diagnóstico clínico en salud mediante software con algoritmos y tecnologías de Inteligencia Artificial,MINSA,no-verificado,no-es-sistema-ia,,1,2026-08-21
1.1.2,1,"IA ética, segura y responsable","Ethical, safe and responsible AI",1.1,"Proponer un marco ético y normativo para el uso, adopción y desarrollo responsable de la IA en Costa Rica","Propose an ethical and regulatory framework for responsible AI use, adoption and development in Costa Rica",Marco ético y normativo integral e inclusivo que no limite el desarrollo tecnológico y la innovación elaborado,Comprehensive and inclusive ethical and regulatory framework developed without limiting technological development and innovation,enia-1-1-2-02,1,Marco ético y normativo del diagnóstico clínico en salud,"Desarrollar el marco ético y normativo institucional para el uso y aprovechamiento de la Inteligencia Artificial en el ejercicio de las funciones y la producción de investigaciones, análisis y desarrollo de iniciativas",Ministerio de Planificación y Política Económica (MIDEPLAN)*,no-verificado,no-es-sistema-ia,,1,2026-08-21
1.1.2,1,"IA ética, segura y responsable","Ethical, safe and responsible AI",1.1,"Proponer un marco ético y normativo para el uso, adopción y desarrollo responsable de la IA en Costa Rica","Propose an ethical and regulatory framework for responsible AI use, adoption and development in Costa Rica",Marco ético y normativo integral e inclusivo que no limite el desarrollo tecnológico y la innovación elaborado,Comprehensive and inclusive ethical and regulatory framework developed without limiting technological development and innovation,enia-1-1-2-03,2,"Políticas de IA que promuevan la inclusión, equidad, sostenibilidad e I+D+i","Implementar políticas que promuevan la inclusión, equidad y sostenibilidad, la innovación y el desarrollo tecnológico asociado con la IA",MICITT-DIDI,no-verificado,no-es-sistema-ia,,1,2026-08-21
1.1.2,1,"IA ética, segura y responsable","Ethical, safe and responsible AI",1.1,"Proponer un marco ético y normativo para el uso, adopción y desarrollo responsable de la IA en Costa Rica","Propose an ethical and regulatory framework for responsible AI use, adoption and development in Costa Rica",Marco ético y normativo integral e inclusivo que no limite el desarrollo tecnológico y la innovación elaborado,Comprehensive and inclusive ethical and regulatory framework developed without limiting technological development and innovation,enia-1-1-2-04,2,"Políticas de IA que promuevan la inclusión, equidad, sostenibilidad e I+D+i","Elaborar y formalizar la Política Institucional de Inteligencia Artificial del INS, estableciendo principios éticos, inclusivos y sostenibles para el desarrollo y uso de esta tecnología, garantizando su alineación con el marco ético y normativo nacional y contribuyendo al fortalecimiento de políticas de IA inclusivas a nivel país",Instituto Nacional de Seguros (INS),no-verificado,no-es-sistema-ia,,1,2026-08-21
1.1.2,1,"IA ética, segura y responsable","Ethical, safe and responsible AI",1.1,"Proponer un marco ético y normativo para el uso, adopción y desarrollo responsable de la IA en Costa Rica","Propose an ethical and regulatory framework for responsible AI use, adoption and development in Costa Rica",Marco ético y normativo integral e inclusivo que no limite el desarrollo tecnológico y la innovación elaborado,Comprehensive and inclusive ethical and regulatory framework developed without limiting technological development and innovation,enia-1-1-2-05,3,"Políticas de IA que promuevan la inclusión, equidad, sostenibilidad e I+D+i","Diseñar e implementar un sistema para la solicitud de información por parte de entes externos, que permita gestionar de forma segura, eficiente y conforme al marco legal los datos sobre niñez y adolescencia generados por el PANI",Patronato Nacional de la Infancia (PANI),no-verificado,no-es-sistema-ia,,1,2026-08-21
1.1.2,1,"IA ética, segura y responsable","Ethical, safe and responsible AI",1.1,"Proponer un marco ético y normativo para el uso, adopción y desarrollo responsable de la IA en Costa Rica","Propose an ethical and regulatory framework for responsible AI use, adoption and development in Costa Rica",Marco ético y normativo integral e inclusivo que no limite el desarrollo tecnológico y la innovación elaborado,Comprehensive and inclusive ethical and regulatory framework developed without limiting technological development and innovation,enia-1-1-2-06,3,"Políticas de IA que promuevan la inclusión, equidad, sostenibilidad e I+D+i","Diseñar, desarrollar e implementar en el Instituto Costarricense de Turismo (ICT) una política institucional de inteligencia artificial que, mediante un enfoque estratégico, ético y seguro, sirva como marco para modernizar la institución, optimizar la eficiencia operativa, fortalecer la atención al usuario y mejorar la toma de decisiones basadas en datos",Instituto Costarricense de Turismo (ICT)*,no-verificado,no-es-sistema-ia,,1,2026-08-21
1.1.2,1,"IA ética, segura y responsable","Ethical, safe and responsible AI",1.1,"Proponer un marco ético y normativo para el uso, adopción y desarrollo responsable de la IA en Costa Rica","Propose an ethical and regulatory framework for responsible AI use, adoption and development in Costa Rica",Marco ético y normativo integral e inclusivo que no limite el desarrollo tecnológico y la innovación elaborado,Comprehensive and inclusive ethical and regulatory framework developed without limiting technological development and innovation,enia-1-1-2-07,4,"Políticas de IA que promuevan la inclusión, equidad, sostenibilidad e I+D+i",Diseñar una política empresarial para la gestión y el uso responsable de IA alienada a los principios identificados y recomendaciones para el uso ético de la ENIA.,Instituto Costarricense de Electricidad (ICE)*,no-verificado,no-es-sistema-ia,,1,2026-08-21
1.1.2,1,"IA ética, segura y responsable","Ethical, safe and responsible AI",1.1,"Proponer un marco ético y normativo para el uso, adopción y desarrollo responsable de la IA en Costa Rica","Propose an ethical and regulatory framework for responsible AI use, adoption and development in Costa Rica",Marco ético y normativo integral e inclusivo que no limite el desarrollo tecnológico y la innovación elaborado,Comprehensive and inclusive ethical and regulatory framework developed without limiting technological development and innovation,enia-1-1-2-08,4,"Políticas de IA que promuevan la inclusión, equidad, sostenibilidad e I+D+i","Participar y colaborar activamente en la formulación de un marco ético y normativo que guíe el uso, adopción y desarrollo responsable de la inteligencia artificial en Costa Rica.",Ministerio de Hacienda,no-verificado,no-es-sistema-ia,,1,2026-08-21
1.1.2,1,"IA ética, segura y responsable","Ethical, safe and responsible AI",1.1,"Proponer un marco ético y normativo para el uso, adopción y desarrollo responsable de la IA en Costa Rica","Propose an ethical and regulatory framework for responsible AI use, adoption and development in Costa Rica",Marco ético y normativo integral e inclusivo que no limite el desarrollo tecnológico y la innovación elaborado,Comprehensive and inclusive ethical and regulatory framework developed without limiting technological development and innovation,enia-1-1-2-09,5,"Políticas de IA que promuevan la inclusión, equidad, sostenibilidad e I+D+i",Elaborar el borrador de la Política Institucional sobre el uso ético y seguro de la inteligencia artificial,Ministerio de Obras Públicas y Transportes (MOPT),no-verificado,no-es-sistema-ia,,1,2026-08-21
1.1.3,1,"IA ética, segura y responsable","Ethical, safe and responsible AI",1.1,"Proponer un marco ético y normativo para el uso, adopción y desarrollo responsable de la IA en Costa Rica","Propose an ethical and regulatory framework for responsible AI use, adoption and development in Costa Rica",Sistema de medición y validación que asegure el cumplimiento de normas éticas y técnicas por parte de desarrolladores e implementadores de IA,Measurement and validation system established to assess compliance with ethical and technical standards by AI developers and implementers,enia-1-1-3-01,5,Mecanismo de medición y validación para el aseguramiento del cumplimiento de las normas éticas y técnicas por parte de desarrolladores e implementadores de IA,Medir el cumplimiento de normas éticas y técnicas por parte de desarrolladores e implementadores de IA,MICITT-DIDI,no-verificado,no-es-sistema-ia,,2,2026-08-21
1.2.1,1,"IA ética, segura y responsable","Ethical, safe and responsible AI",1.2,Generar instrumentos técnicos para el uso y desarrollo responsable de la inteligencia artificial,Develop technical instruments for responsible AI use and development,Recomendaciones técnicas que incorporen criterios de sostenibilidad y eficiencia energética emitidas,Technical recommendations issued incorporating sustainability and energy-efficiency criteria,enia-1-2-1-01,6,Manual de normas técnicas y buenas prácticas existentes en materia de sostenibilidad y eficiencia energética,Emitir recomendaciones con criterios de sostenibilidad y eficiencia energética a partir del estudio e investigación de buenas prácticas e instrumentos internacionales,MICITT-DIDI,no-verificado,no-es-sistema-ia,,1,2026-08-21
1.2.1,1,"IA ética, segura y responsable","Ethical, safe and responsible AI",1.2,Generar instrumentos técnicos para el uso y desarrollo responsable de la inteligencia artificial,Develop technical instruments for responsible AI use and development,Recomendaciones técnicas que incorporen criterios de sostenibilidad y eficiencia energética emitidas,Technical recommendations issued incorporating sustainability and energy-efficiency criteria,enia-1-2-1-02,6,Guía para la elaboración de Políticas Públicas para el uso y aprovechamiento de la IA,"Fomentar la formulación de políticas públicas basadas en el aprovechamiento de la inteligencia artificial, que promuevan la inclusión, la equidad y la sostenibilidad en beneficio de la población.",Ministerio de Planificación y Política Económica (MIDEPLAN)*,no-verificado,no-es-sistema-ia,,1,2026-08-21
1.2.2,1,"IA ética, segura y responsable","Ethical, safe and responsible AI",1.2,Generar instrumentos técnicos para el uso y desarrollo responsable de la inteligencia artificial,Develop technical instruments for responsible AI use and development,Adopción de buenas prácticas para protección de datos personales entre los desarrolladores e implementadores,Good personal-data protection practices adopted among developers and implementers,enia-1-2-2-01,6,Guía de buenas prácticas para la protección de datos personales,Emitir una guía dirigida al cumplimiento de la normativa de protección de datos personales en proyectos de IA,PRODHAB,no-verificado,no-es-sistema-ia,,1,2026-08-21
1.2.2,1,"IA ética, segura y responsable","Ethical, safe and responsible AI",1.2,Generar instrumentos técnicos para el uso y desarrollo responsable de la inteligencia artificial,Develop technical instruments for responsible AI use and development,Adopción de buenas prácticas para protección de datos personales entre los desarrolladores e implementadores,Good personal-data protection practices adopted among developers and implementers,enia-1-2-2-02,7,"Elaborar una guía visual e iconográfica para la identificación del uso de la inteligencia artificial en la producción institucional, como parte de las acciones de transparencia y acceso a la información.","Fomentar la transparencia en el uso de la inteligencia artificial en el desarrollo de productos institucionales, mediante el uso de iconografía que facilite la identificación de los distintos niveles de intervención de la IA.",Ministerio de Planificación y Política Económica (MIDEPLAN)*,no-verificado,no-es-sistema-ia,,1,2026-08-21
1.2.3,1,"IA ética, segura y responsable","Ethical, safe and responsible AI",1.2,Generar instrumentos técnicos para el uso y desarrollo responsable de la inteligencia artificial,Develop technical instruments for responsible AI use and development,Incentivos para la adopción de prácticas innovadoras y responsables en el desarrollo de IA implementados,Incentives implemented for innovative and responsible AI development practices,enia-1-2-3-01,7,Portafolio de alternativas de apoyo técnico- financiero para el desarrollo de proyectos de IA dirigidos al sector empresarial,Contar con información actualizada de alternativas de apoyo técnico-financiero para el desarrollo de proyectos de IA dirigidos al sector empresarial,Promotora,no-verificado,no-es-sistema-ia,,1,2026-08-21
1.2.3,1,"IA ética, segura y responsable","Ethical, safe and responsible AI",1.2,Generar instrumentos técnicos para el uso y desarrollo responsable de la inteligencia artificial,Develop technical instruments for responsible AI use and development,Incentivos para la adopción de prácticas innovadoras y responsables en el desarrollo de IA implementados,Incentives implemented for innovative and responsible AI development practices,enia-1-2-3-02,7,Incentivos para promover la inversión de I+D con enfoque en IA,Incentivar la inversión en I+D con enfoque en IA,MICITT-DIDI,no-verificado,no-es-sistema-ia,,1,2026-08-21
1.2.3,1,"IA ética, segura y responsable","Ethical, safe and responsible AI",1.2,Generar instrumentos técnicos para el uso y desarrollo responsable de la inteligencia artificial,Develop technical instruments for responsible AI use and development,Incentivos para la adopción de prácticas innovadoras y responsables en el desarrollo de IA implementados,Incentives implemented for innovative and responsible AI development practices,enia-1-2-3-03,8,Convocatorias para iniciativas de investigación y desarrollo de IA,Fomentar la investigación y el desarrollo de la IA a nivel interinstitucional,MICITT-DIDI,no-verificado,no-es-sistema-ia,,1,2026-08-21
1.3.1,1,"IA ética, segura y responsable","Ethical, safe and responsible AI",1.3,Generar lineamientos para la gestión y calidad de datos,Develop guidelines for data management and quality,Marco nacional integral para la gobernanza de datos de IA implementado,Comprehensive national AI data-governance framework implemented,enia-1-3-1-01,8,Instructivo para la elaboración de manuales institucionales de gobernanza de datos de IA,Establecer lineamientos que orienten a las instituciones en la implementación de la gobernanza de datos en IA,MICITT-DIDI,no-verificado,no-es-sistema-ia,,2,2026-08-21
1.3.1,1,"IA ética, segura y responsable","Ethical, safe and responsible AI",1.3,Generar lineamientos para la gestión y calidad de datos,Develop guidelines for data management and quality,Marco nacional integral para la gobernanza de datos de IA implementado,Comprehensive national AI data-governance framework implemented,enia-1-3-1-02,8,Modelo Institucional de Gobernanza de Datos para IA,"Elaborar y publicar un Modelo Institucional de Gobernanza de Datos para inteligencia artificial en el INS, que incorpore lineamientos éticos, de seguridad, privacidad y calidad de datos, incluyendo un manual oficial con directrices para el uso responsable de datos en proyectos de IA institucionales, con énfasis en explicabilidad, minimización de sesgos y supervisión humana.",Instituto Nacional de Seguros (INS),no-verificado,no-es-sistema-ia,,1,2026-08-21
1.3.1,1,"IA ética, segura y responsable","Ethical, safe and responsible AI",1.3,Generar lineamientos para la gestión y calidad de datos,Develop guidelines for data management and quality,Marco nacional integral para la gobernanza de datos de IA implementado,Comprehensive national AI data-governance framework implemented,enia-1-3-1-03,9,Modelo Institucional de Gobernanza de Datos para IA,Establecer lineamientos que orienten a las instituciones en la implementación de la gobernanza de datos en IA,Ministerio de Planificación y Política Económica (MIDEPLAN)*,no-verificado,no-es-sistema-ia,,1,2026-08-21
1.3.1,1,"IA ética, segura y responsable","Ethical, safe and responsible AI",1.3,Generar lineamientos para la gestión y calidad de datos,Develop guidelines for data management and quality,Marco nacional integral para la gobernanza de datos de IA implementado,Comprehensive national AI data-governance framework implemented,enia-1-3-1-04,9,Modelo Institucional de Gobernanza de Datos para IA,Participación y colaboración activa en la generación de lineamientos para la gestión y calidad de datos,Ministerio de Hacienda,no-verificado,no-es-sistema-ia,,1,2026-08-21
2.1.1,2,Articulación territorial y desarrollo económico,Territorial coordination and economic development,2.1,Mejorar la articulación territorial y la coordinación entre distintos niveles de gobierno fuera de la GAM,Improve territorial coordination among levels of government outside the Greater Metropolitan Area,Proyectos piloto de IA fuera de la GAM en contextos locales implementados,Local AI pilot projects implemented outside the Greater Metropolitan Area,enia-2-1-1-01,10,IA en los territorios,Promover procesos de capacitación y formación en los gobiernos locales para el desarrollo de capacidades que permitan impulsar el uso y la gestión de la IA,IFAM,no-verificado,no-es-sistema-ia,,2,2026-08-21
2.1.1,2,Articulación territorial y desarrollo económico,Territorial coordination and economic development,2.1,Mejorar la articulación territorial y la coordinación entre distintos niveles de gobierno fuera de la GAM,Improve territorial coordination among levels of government outside the Greater Metropolitan Area,Proyectos piloto de IA fuera de la GAM en contextos locales implementados,Local AI pilot projects implemented outside the Greater Metropolitan Area,enia-2-1-1-02,11,IA en los territorios,"Desarrollar e implementar programas piloto de alfabetización digital en IA en comunidades fuera de la GAM, en coordinación con gobiernos locales, aliados educativos y actores regionales.",Instituto Nacional de Seguros (INS),no-verificado,no-es-sistema-ia,,1,2026-08-21
2.1.1,2,Articulación territorial y desarrollo económico,Territorial coordination and economic development,2.1,Mejorar la articulación territorial y la coordinación entre distintos niveles de gobierno fuera de la GAM,Improve territorial coordination among levels of government outside the Greater Metropolitan Area,Proyectos piloto de IA fuera de la GAM en contextos locales implementados,Local AI pilot projects implemented outside the Greater Metropolitan Area,enia-2-1-1-03,11,IA para el desarrollo Agricola,Generar capacidades en productores agrícolas para la integración de tecnologías de frontera en sus cadenas de valor,MICITT,parcialmente-verificado,coincidencia-parcial,micitt-agroboost,1,2026-08-21
2.1.1,2,Articulación territorial y desarrollo económico,Territorial coordination and economic development,2.1,Mejorar la articulación territorial y la coordinación entre distintos niveles de gobierno fuera de la GAM,Improve territorial coordination among levels of government outside the Greater Metropolitan Area,Proyectos piloto de IA fuera de la GAM en contextos locales implementados,Local AI pilot projects implemented outside the Greater Metropolitan Area,enia-2-1-1-04,11,IA para el desarrollo Agricola,"Transferir tecnología especializada a PYMPAS para el uso más eficiente de los recursos, mitigación del impacto ambiental y menor costo de producción",INDER,no-verificado,no-es-sistema-ia,,1,2026-08-21
2.1.1,2,Articulación territorial y desarrollo económico,Territorial coordination and economic development,2.1,Mejorar la articulación territorial y la coordinación entre distintos niveles de gobierno fuera de la GAM,Improve territorial coordination among levels of government outside the Greater Metropolitan Area,Proyectos piloto de IA fuera de la GAM en contextos locales implementados,Local AI pilot projects implemented outside the Greater Metropolitan Area,enia-2-1-1-05,12,IA para el desarrollo Agricola,Promover la tecnificación de procesos de trazabilidad pecuaria para el análisis de datos y toma de decisiones en las cadenas productivas,INDER,no-verificado,enia-solamente,,1,2026-08-21
2.1.1,2,Articulación territorial y desarrollo económico,Territorial coordination and economic development,2.1,Mejorar la articulación territorial y la coordinación entre distintos niveles de gobierno fuera de la GAM,Improve territorial coordination among levels of government outside the Greater Metropolitan Area,Proyectos piloto de IA fuera de la GAM en contextos locales implementados,Local AI pilot projects implemented outside the Greater Metropolitan Area,enia-2-1-1-06,12,IA para el desarrollo Agricola,Promover la industrialización agropecuaria del sector arrocero a través de tecnologías basadas en la IA en la Región Pacífico Central,INDER,no-verificado,enia-solamente,,1,2026-08-21
2.1.3,2,Articulación territorial y desarrollo económico,Territorial coordination and economic development,2.1,Mejorar la articulación territorial y la coordinación entre distintos niveles de gobierno fuera de la GAM,Improve territorial coordination among levels of government outside the Greater Metropolitan Area,Redes de colaboración regional implementadas,Regional collaboration networks implemented,enia-2-1-3-01,12,Portafolio de iniciativas de IA en las regiones,Identificar servicios y apoyos para la innovación y el desarrollo tecnológico de la IA en los territorios,MICITT,no-verificado,no-es-sistema-ia,,1,2026-08-21
2.1.3,2,Articulación territorial y desarrollo económico,Territorial coordination and economic development,2.1,Mejorar la articulación territorial y la coordinación entre distintos niveles de gobierno fuera de la GAM,Improve territorial coordination among levels of government outside the Greater Metropolitan Area,Redes de colaboración regional implementadas,Regional collaboration networks implemented,enia-2-1-3-02,13,Establecimiento e implementación de LINC por gobiernos locales,"Integrar a actores gubernamentales, académicos y del sector privado e la coordinación de esfuerzos y recursos para el desarrollo de IA en el territorio",MICITT-DIDI,parcialmente-verificado,mapeado-exacto,micitt-linc,1,2026-08-21
2.2.1,2,Articulación territorial y desarrollo económico,Territorial coordination and economic development,2.2,"Promover la dinamización empresarial mediante el uso, aplicación y desarrollo de inteligencia artificial","Promote business development through AI use, application and development",Análisis de tendencias para identificar oportunidades de negocio basadas en IA realizados,Trend analyses conducted to identify AI-based business opportunities,enia-2-2-1-01,13,Análisis de tendencias de mercado de IA,Promover la productividad y la competitividad en emprendimientos y PYMEs a partir de tendencias identificadas,MICITT,no-verificado,no-es-sistema-ia,,1,2026-08-21
2.2.1,2,Articulación territorial y desarrollo económico,Territorial coordination and economic development,2.2,"Promover la dinamización empresarial mediante el uso, aplicación y desarrollo de inteligencia artificial","Promote business development through AI use, application and development",Análisis de tendencias para identificar oportunidades de negocio basadas en IA realizados,Trend analyses conducted to identify AI-based business opportunities,enia-2-2-1-02,13,Análisis de tendencias de mercado de IA,"Realizar un diagnóstico sobre el estado actual de la aplicación de la inteligencia artificial en la CNFL y sus necesidades futuras, considerando capacidades habilitadoras como ciberseguridad, interoperabilidad y gobierno de datos.",Instituto Costarricense de Electricidad (ICE)*,no-verificado,no-es-sistema-ia,,1,2026-08-21
2.2.2,2,Articulación territorial y desarrollo económico,Territorial coordination and economic development,2.2,"Promover la dinamización empresarial mediante el uso, aplicación y desarrollo de inteligencia artificial","Promote business development through AI use, application and development",Programas de asistencia técnica para PYMES y emprendimientos que deseen adoptar tecnologías de IA implementados,Technical-assistance programs implemented for SMEs and ventures seeking to adopt AI,enia-2-2-2-01,14,"Asistencia técnica para emprendimientos, PYMEs y PYMPAs en el uso y adopción de tecnologías de IA",Fomentar el uso y adopción de tecnologías de IA en cadenas de valor de emprendimientos y PYMPAs y PYMES.,MICITT-DIDI,parcialmente-verificado,coincidencia-parcial,micitt-agroboost,1,2026-08-21
2.2.2,2,Articulación territorial y desarrollo económico,Territorial coordination and economic development,2.2,"Promover la dinamización empresarial mediante el uso, aplicación y desarrollo de inteligencia artificial","Promote business development through AI use, application and development",Programas de asistencia técnica para PYMES y emprendimientos que deseen adoptar tecnologías de IA implementados,Technical-assistance programs implemented for SMEs and ventures seeking to adopt AI,enia-2-2-2-02,14,"Asistencia técnica para emprendimientos, PYMEs y PYMPAs en el uso y adopción de tecnologías de IA","Incorporar en el Programa Anual de Capacitación a PYMES de PROCOMER, durante 2026 y 2027, al menos una temática anual relacionada con el uso de inteligencia artificial.",Promotora Costarricense de Comercio Exterior (PROCOMER)*,no-verificado,no-es-sistema-ia,,1,2026-08-21
2.2.2,2,Articulación territorial y desarrollo económico,Territorial coordination and economic development,2.2,"Promover la dinamización empresarial mediante el uso, aplicación y desarrollo de inteligencia artificial","Promote business development through AI use, application and development",Programas de asistencia técnica para PYMES y emprendimientos que deseen adoptar tecnologías de IA implementados,Technical-assistance programs implemented for SMEs and ventures seeking to adopt AI,enia-2-2-2-03,14,"Formación y fortalecimiento de capacidades para emprendimientos, PYMEs y PYMPAs en el uso y adopción de tecnologías de IA","Impulsar procesos de formación y fortalecimiento de capacidades dirigidos a pymes y emprendimientos, en articulación con aliados estratégicos (instituciones del sector público, sector privado, academia, entre otros), para promover el desarrollo económico mediante la incorporación de tecnologías de inteligencia artificial (IA) como herramienta para la innovación, la competitividad y la sostenibilidad de los negocios.","Ministerio de Economía, Industria Comerio (MEIC)",no-verificado,no-es-sistema-ia,,1,2026-08-21
2.2.2,2,Articulación territorial y desarrollo económico,Territorial coordination and economic development,2.2,"Promover la dinamización empresarial mediante el uso, aplicación y desarrollo de inteligencia artificial","Promote business development through AI use, application and development",Programas de asistencia técnica para PYMES y emprendimientos que deseen adoptar tecnologías de IA implementados,Technical-assistance programs implemented for SMEs and ventures seeking to adopt AI,enia-2-2-2-04,15,"Gobiernos locales con capacidades instaladas para promover la dinamización empresarial mediante el uso, aplicación y desarrollo de herramientas de IA",Promover acciones de capacitación y formación en los gobiernos locales para el impulso del desarrollo económico local a partir del emprendimiento en los territorios con enfoque en la adopción de tecnologías de IA,IFAM,no-verificado,no-es-sistema-ia,,2,2026-08-21
2.2.3,2,Articulación territorial y desarrollo económico,Territorial coordination and economic development,2.2,"Promover la dinamización empresarial mediante el uso, aplicación y desarrollo de inteligencia artificial","Promote business development through AI use, application and development",Alianzas entre entes públicos y privados que impulsen proyectos de IA en el sector empresarial creadas,Public-private partnerships created to advance AI projects in the business sector,enia-2-2-3-01,16,Alianzas Estratégicas para IA,Promover nuevas alianzas estratégicas que impulsen el desarrollo de proyectos de IA en los diferentes sectores,PROMOTORA,no-verificado,no-es-sistema-ia,,1,2026-08-21
2.2.4,2,Articulación territorial y desarrollo económico,Territorial coordination and economic development,2.2,"Promover la dinamización empresarial mediante el uso, aplicación y desarrollo de inteligencia artificial","Promote business development through AI use, application and development","Infraestructura, recursos y asesoramiento técnico sobre soluciones de IA facilitados a empresas locales por medio de LINC","AI infrastructure, resources and technical advice provided to local businesses through LINC",enia-2-2-4-01,16,Transferencia tecnológica a los LINC,"Fortalecer los Laboratorios de Innovación Comunitaria del MICITT para la creación y el fomento de capacidades, habilidades y conocimiento de innovación de las personas usuarias",MICITT,parcialmente-verificado,mapeado-exacto,micitt-linc,2,2026-08-21
3.1.1,3,Promoción de I+D+i en IA,Promotion of AI R&D&I,3.1,Fomento a la investigación en IA,Promote AI research,Agenda de investigación con áreas prioritarias y oportunidades estratégicas para la I+D+i en IA definida,AI R&D&I research agenda defined with priority areas and strategic opportunities,enia-3-1-1-01,17,Fomento en I+D+i en IA,Elaborar la agenda de prioridades de investigación y desarrollo tecnológico en IA para CR,MICITT,no-verificado,no-es-sistema-ia,,1,2026-08-21
3.1.1,3,Promoción de I+D+i en IA,Promotion of AI R&D&I,3.1,Fomento a la investigación en IA,Promote AI research,Agenda de investigación con áreas prioritarias y oportunidades estratégicas para la I+D+i en IA definida,AI R&D&I research agenda defined with priority areas and strategic opportunities,enia-3-1-1-02,17,Fomento en I+D+i en IA,Fomentar el uso de compartido de recursos y conocimientos para la I+D+i en IA a través de alianzas estratégicas,MICITT-DIDI,no-verificado,no-es-sistema-ia,,1,2026-08-21
3.1.1,3,Promoción de I+D+i en IA,Promotion of AI R&D&I,3.1,Fomento a la investigación en IA,Promote AI research,Agenda de investigación con áreas prioritarias y oportunidades estratégicas para la I+D+i en IA definida,AI R&D&I research agenda defined with priority areas and strategic opportunities,enia-3-1-1-03,18,Fomento en I+D+i en IA,Establecer la agenda de prioridades de investigación y desarrollo tecnológico asociadas a IA (Salud),MICITT-DIDI,no-verificado,no-es-sistema-ia,,1,2026-08-21
3.1.1,3,Promoción de I+D+i en IA,Promotion of AI R&D&I,3.1,Fomento a la investigación en IA,Promote AI research,Agenda de investigación con áreas prioritarias y oportunidades estratégicas para la I+D+i en IA definida,AI R&D&I research agenda defined with priority areas and strategic opportunities,enia-3-1-1-04,18,Fomento en I+D+i en IA,"Realizar un diagnóstico sobre el estado actual de la aplicación de la inteligencia artificial en la CNFL y sus necesidades futuras, considerando capacidades habilitadoras como ciberseguridad, interoperabilidad y gobierno de datos",Instituto Costarricense de Electricidad (ICE)*,no-verificado,posible-duplicado,,1,2026-08-21
3.1.2,3,Promoción de I+D+i en IA,Promotion of AI R&D&I,3.1,Fomento a la investigación en IA,Promote AI research,Convocatorias para proyectos de investigación aplicada en IA que aborden problemas relevantes publicadas,Calls issued for applied AI research projects addressing relevant problems,enia-3-1-2-01,18,Incentivos para proyectos de investigación aplicada en IA,Fomentar la investigación y el desarrollo en IA en áreas prioritarias país a través de convocatorias de apoyo técnico-financiero,PROMOTORA,no-verificado,no-es-sistema-ia,,1,2026-08-21
3.2.1,3,Promoción de I+D+i en IA,Promotion of AI R&D&I,3.2,Promover iniciativas que fomenten el uso e implementación de IA en los diferentes sectores,Promote initiatives that advance AI use and implementation across sectors,"Proyectos piloto de IA en sectores estratégicos como sostenibilidad, salud y trabajo implementados","AI pilot projects implemented in strategic sectors such as sustainability, health and work",enia-3-2-1-01,19,Integración de IA en cadenas de valor productivas,Generar capacidades en productores agrícolas para la integración de tecnologías de frontera en sus cadenas de valor,MICITT,parcialmente-verificado,posible-duplicado,micitt-agroboost,1,2026-08-21
3.2.2,3,Promoción de I+D+i en IA,Promotion of AI R&D&I,3.2,Promover iniciativas que fomenten el uso e implementación de IA en los diferentes sectores,Promote initiatives that advance AI use and implementation across sectors,Oferta programática para promover el uso de IA en los LINC del MICITT,Program offering established to promote AI use at MICITT LINC labs,enia-3-2-2-01,19,Habilidades y capacidades en IA,"Fortalecer sus capacidades para enfrentar los retos de la transformación digital y aprovechar el potencial de la tecnología para mejorar la competitividad, eficiencia y sostenibilidad de sus operaciones.",Instituto Costarricense de Turismo (ICT)*,no-verificado,no-es-sistema-ia,,1,2026-08-21
3.2.2,3,Promoción de I+D+i en IA,Promotion of AI R&D&I,3.2,Promover iniciativas que fomenten el uso e implementación de IA en los diferentes sectores,Promote initiatives that advance AI use and implementation across sectors,Oferta programática para promover el uso de IA en los LINC del MICITT,Program offering established to promote AI use at MICITT LINC labs,enia-3-2-2-02,19,Habilidades y capacidades en IA,"Fomentar el desarrollo de habilidades y capacidades tecnológicas en IA en diferentes públicos meta, para promover el desarrollo de iniciativas asociadas a IA",MICITT,no-verificado,no-es-sistema-ia,,1,2026-08-21
4.1.1,4,Gobierno inteligente,Smart government,4.1,Promover el uso de la inteligencia artificial en el sector público,Promote the use of AI in the public sector,Catálogo digital de proyectos de IA en el sector público publicado,Digital catalog of public-sector AI projects published,enia-4-1-1-01,21,Identificación de iniciativas institucionales en sistemas de IA,Desarrollo del Catalogo digital para el sector público,MICITT-DIDI,no-verificado,no-es-sistema-ia,,1,2026-08-21
4.1.1,4,Gobierno inteligente,Smart government,4.1,Promover el uso de la inteligencia artificial en el sector público,Promote the use of AI in the public sector,Catálogo digital de proyectos de IA en el sector público publicado,Digital catalog of public-sector AI projects published,enia-4-1-1-02,21,Identificación de iniciativas institucionales en sistemas de IA,Contar con un catálogo de iniciativas posibles a implementar AI en los procesos institucionales,Instituto Costarricense de Acueductos y Alcantarillados (AYA)*,no-verificado,no-es-sistema-ia,,1,2026-08-21
4.1.2,4,Gobierno inteligente,Smart government,4.1,Promover el uso de la inteligencia artificial en el sector público,Promote the use of AI in the public sector,Desarrollo de capacidades y habilidades de personas funcionarias públicas en el uso y gestión de IA,Public officials’ capabilities and skills developed for AI use and management,enia-4-1-2-01,21,Habilidades y capacidades en IA,"Realizar procesos de capacitación y formación a personas funcionarias de los gobiernos locales para el desarrollo de capacidades que permitan impulsar el uso y la gestión de la IA de manera ética, segura y responsable",IFAM,no-verificado,posible-duplicado,,1,2026-08-21
4.1.2,4,Gobierno inteligente,Smart government,4.1,Promover el uso de la inteligencia artificial en el sector público,Promote the use of AI in the public sector,Desarrollo de capacidades y habilidades de personas funcionarias públicas en el uso y gestión de IA,Public officials’ capabilities and skills developed for AI use and management,enia-4-1-2-02,22,Habilidades y capacidades en IA,"Realizar capacitaciones, sensibilización, intercambio de recursos y experiencias a nivel interinstitucional para el uso, desarrollo y gestión sostenible de IA en las instituciones públicas",MICITT-DIDI,no-verificado,no-es-sistema-ia,,1,2026-08-21
4.1.2,4,Gobierno inteligente,Smart government,4.1,Promover el uso de la inteligencia artificial en el sector público,Promote the use of AI in the public sector,Desarrollo de capacidades y habilidades de personas funcionarias públicas en el uso y gestión de IA,Public officials’ capabilities and skills developed for AI use and management,enia-4-1-2-03,22,Habilidades y capacidades en IA,"Desarrollar actividades de capacitación para cumplimiento desde el diseño en proyectos de IA con la normativa de protección de datos personales, dirigidas a personas funcionarias",PRODHAB,no-verificado,no-es-sistema-ia,,1,2026-08-21
4.1.2,4,Gobierno inteligente,Smart government,4.1,Promover el uso de la inteligencia artificial en el sector público,Promote the use of AI in the public sector,Desarrollo de capacidades y habilidades de personas funcionarias públicas en el uso y gestión de IA,Public officials’ capabilities and skills developed for AI use and management,enia-4-1-2-04,22,Habilidades y capacidades en IA,"Desarrollar capacidades en el personal institucional en el uso, adopción y desarrollo de herramientas de IA para una mejor atención de la población meta",En proceso de formalización,no-verificado,no-es-sistema-ia,,1,2026-08-21
4.1.2,4,Gobierno inteligente,Smart government,4.1,Promover el uso de la inteligencia artificial en el sector público,Promote the use of AI in the public sector,Desarrollo de capacidades y habilidades de personas funcionarias públicas en el uso y gestión de IA,Public officials’ capabilities and skills developed for AI use and management,enia-4-1-2-05,23,Habilidades y capacidades en IA,"Fortalecer las capacidades del personal institucional en el uso, adopción y desarrollo de herramientas de inteligencia artificial, para potenciar su aplicación en la generación de valor público.",Ministerio de Vivienda y Asentamientos Humanos (MIVAH),no-verificado,no-es-sistema-ia,,1,2026-08-21
4.1.2,4,Gobierno inteligente,Smart government,4.1,Promover el uso de la inteligencia artificial en el sector público,Promote the use of AI in the public sector,Desarrollo de capacidades y habilidades de personas funcionarias públicas en el uso y gestión de IA,Public officials’ capabilities and skills developed for AI use and management,enia-4-1-2-06,23,Habilidades y capacidades en IA,Capacitar al personal funcionario en el uso de herramientas y agentes virtuales con inteligencia artificial para mejorar el desempeño de sus funciones.,Instituto Nacional de Vivienda y Urbanismo (INVU)*,no-verificado,no-es-sistema-ia,,1,2026-08-21
4.1.2,4,Gobierno inteligente,Smart government,4.1,Promover el uso de la inteligencia artificial en el sector público,Promote the use of AI in the public sector,Desarrollo de capacidades y habilidades de personas funcionarias públicas en el uso y gestión de IA,Public officials’ capabilities and skills developed for AI use and management,enia-4-1-2-07,23,Habilidades y capacidades en IA,"Realizar procesos de sensibilización dirigidos al personal del Ministerio y sus órganos desconcentrados, para desarrollar capacidades que impulsen el uso y la gestión de la inteligencia artificial de forma ética, segura y responsable.",Ministerio de Cultura y Juventud (MCJ),no-verificado,no-es-sistema-ia,,1,2026-08-21
4.1.2,4,Gobierno inteligente,Smart government,4.1,Promover el uso de la inteligencia artificial en el sector público,Promote the use of AI in the public sector,Desarrollo de capacidades y habilidades de personas funcionarias públicas en el uso y gestión de IA,Public officials’ capabilities and skills developed for AI use and management,enia-4-1-2-08,24,Habilidades y capacidades en IA,"Realizar procesos de capacitación y formación dirigidos al personal funcionario del Ministerio de Hacienda, para desarrollar capacidades que impulsen el uso y la gestión de la inteligencia artificial de forma ética, segura y responsable.",Ministerio de Hacienda,no-verificado,no-es-sistema-ia,,1,2026-08-21
4.1.2,4,Gobierno inteligente,Smart government,4.1,Promover el uso de la inteligencia artificial en el sector público,Promote the use of AI in the public sector,Desarrollo de capacidades y habilidades de personas funcionarias públicas en el uso y gestión de IA,Public officials’ capabilities and skills developed for AI use and management,enia-4-1-2-09,24,Habilidades y capacidades en IA,"Desarrollar webinars y cursos masivos en línea (MOOC) sobre la aplicación de la inteligencia artificial, dirigidos al personal funcionario del Ministerio de Hacienda, para fortalecer capacidades que impulsen su uso y gestión de forma ética, segura y responsable.",Ministerio de Hacienda,no-verificado,no-es-sistema-ia,,1,2026-08-21
4.1.2,4,Gobierno inteligente,Smart government,4.1,Promover el uso de la inteligencia artificial en el sector público,Promote the use of AI in the public sector,Desarrollo de capacidades y habilidades de personas funcionarias públicas en el uso y gestión de IA,Public officials’ capabilities and skills developed for AI use and management,enia-4-1-2-10,24,Habilidades y capacidades en IA,Implementar un programa de capacitación para fortalecer las capacidades en inteligencia artificial del público meta de la institución,Ministerio de Seguridad Pública (MSP),no-verificado,no-es-sistema-ia,,1,2026-08-21
4.1.2,4,Gobierno inteligente,Smart government,4.1,Promover el uso de la inteligencia artificial en el sector público,Promote the use of AI in the public sector,Desarrollo de capacidades y habilidades de personas funcionarias públicas en el uso y gestión de IA,Public officials’ capabilities and skills developed for AI use and management,enia-4-1-2-11,25,Habilidades y capacidades en IA,"Incorporar una inducción sobre la temática de inteligencia artificial y las generalidades asociadas a la utilización de herramientas basadas en IA, como componente del programa de liderazgo dirigido a jefaturas",Instituto Costarricense de Acueductos y Alcantarillados (AYA)*,no-verificado,no-es-sistema-ia,,1,2026-08-21
4.1.2,4,Gobierno inteligente,Smart government,4.1,Promover el uso de la inteligencia artificial en el sector público,Promote the use of AI in the public sector,Desarrollo de capacidades y habilidades de personas funcionarias públicas en el uso y gestión de IA,Public officials’ capabilities and skills developed for AI use and management,enia-4-1-2-12,25,Habilidades y capacidades en IA,"Fortalecer el Departamento de Tecnologías de Información del ICT mediante un programa de capacitación técnica especializada que potencie la innovación, la seguridad y la eficiencia en las soluciones tecnológicas para el sector turismo",Instituto Costarricense de Turismo (ICT)*,no-verificado,no-es-sistema-ia,,1,2026-08-21
4.1.2,4,Gobierno inteligente,Smart government,4.1,Promover el uso de la inteligencia artificial en el sector público,Promote the use of AI in the public sector,Desarrollo de capacidades y habilidades de personas funcionarias públicas en el uso y gestión de IA,Public officials’ capabilities and skills developed for AI use and management,enia-4-1-2-13,25,Habilidades y capacidades en IA,"Diseñar e implementar acciones de capacitación en temas de IA para funcionarios institucionales mediante programas internos, alianzas externas y plataformas digitales de aprendizaje",Caja Costarricense de Seguro Social (CCSS),parcialmente-verificado,coincidencia-parcial,ccss-tec-formacion,1,2026-08-21
4.1.2,4,Gobierno inteligente,Smart government,4.1,Promover el uso de la inteligencia artificial en el sector público,Promote the use of AI in the public sector,Desarrollo de capacidades y habilidades de personas funcionarias públicas en el uso y gestión de IA,Public officials’ capabilities and skills developed for AI use and management,enia-4-1-2-14,26,Habilidades y capacidades en IA,"Desarrollar un programa de capacitación integral en conceptos fundamentales de inteligencia artificial, dirigido al personal de INCOFER",Instituto Costarricense de Ferrocarriles (INCOFER),no-verificado,no-es-sistema-ia,,1,2026-08-21
4.1.2,4,Gobierno inteligente,Smart government,4.1,Promover el uso de la inteligencia artificial en el sector público,Promote the use of AI in the public sector,Desarrollo de capacidades y habilidades de personas funcionarias públicas en el uso y gestión de IA,Public officials’ capabilities and skills developed for AI use and management,enia-4-1-2-15,26,Habilidades y capacidades en IA,"Desarrollar capacidades en el personal institucional en el uso, adopción y desarrollo de herramientas de IA para una mejor atención de la población meta",INAMU,no-verificado,no-es-sistema-ia,,1,2026-08-21
4.1.3,4,Gobierno inteligente,Smart government,4.1,Promover el uso de la inteligencia artificial en el sector público,Promote the use of AI in the public sector,Sistemas que utilicen IA implementados para mejorar la calidad de los servicios públicos y la toma de decisiones,AI-using systems implemented to improve public-service quality and decision-making,enia-4-1-3-01,26,Mejora de servicios institucionales a través de la aplicación de sistemas de IA,Promover el uso de sistemas que utilicen IA para mejorar la gestión institucional en el INA,INA,no-verificado,enia-solamente,,1,2026-08-21
4.1.3,4,Gobierno inteligente,Smart government,4.1,Promover el uso de la inteligencia artificial en el sector público,Promote the use of AI in the public sector,Sistemas que utilicen IA implementados para mejorar la calidad de los servicios públicos y la toma de decisiones,AI-using systems implemented to improve public-service quality and decision-making,enia-4-1-3-02,26,Mejora de servicios institucionales a través de la aplicación de sistemas de IA,Promover la implementación de sistemas que utilicen IA en gobiernos locales para la mejora de los servicios municipales,IFAM,no-verificado,enia-solamente,,1,2026-08-21
4.1.3,4,Gobierno inteligente,Smart government,4.1,Promover el uso de la inteligencia artificial en el sector público,Promote the use of AI in the public sector,Sistemas que utilicen IA implementados para mejorar la calidad de los servicios públicos y la toma de decisiones,AI-using systems implemented to improve public-service quality and decision-making,enia-4-1-3-03,27,Mejora de servicios institucionales a través de la aplicación de sistemas de IA,Integración soluciones basadas en IA en los servicios brindados a través de IFAM Infinito,IFAM,no-verificado,enia-solamente,,1,2026-08-21
4.1.3,4,Gobierno inteligente,Smart government,4.1,Promover el uso de la inteligencia artificial en el sector público,Promote the use of AI in the public sector,Sistemas que utilicen IA implementados para mejorar la calidad de los servicios públicos y la toma de decisiones,AI-using systems implemented to improve public-service quality and decision-making,enia-4-1-3-04,27,Mejora de servicios institucionales a través de la aplicación de sistemas de IA,Creación e implementación de un chatbot institucional para la atención de personas usuarias del MTSS,MTSS,no-verificado,enia-solamente,,1,2026-08-21
4.1.3,4,Gobierno inteligente,Smart government,4.1,Promover el uso de la inteligencia artificial en el sector público,Promote the use of AI in the public sector,Sistemas que utilicen IA implementados para mejorar la calidad de los servicios públicos y la toma de decisiones,AI-using systems implemented to improve public-service quality and decision-making,enia-4-1-3-05,27,Mejora de servicios institucionales a través de la aplicación de sistemas de IA,Desarrollar soluciones tecnológicas basadas en inteligencia artificial para mejorar los servicios institucionales de atención a mujeres y fortalecer la rectoría técnica en normativa y políticas públicas dirigidas a la población meta.,INAMU,verificado,mapeado-exacto,inamu-ela,1,2026-08-21
4.1.3,4,Gobierno inteligente,Smart government,4.1,Promover el uso de la inteligencia artificial en el sector público,Promote the use of AI in the public sector,Sistemas que utilicen IA implementados para mejorar la calidad de los servicios públicos y la toma de decisiones,AI-using systems implemented to improve public-service quality and decision-making,enia-4-1-3-06,27,Mejora de servicios institucionales a través de la aplicación de sistemas de IA,"Desarrollar una plataforma interactiva dirigida a la población menor de edad, capaz de generar información específica acorde con sus necesidades, enfoques y principios.",Patronato Nacional de la Infancia (PANI),no-verificado,enia-solamente,,1,2026-08-21
4.1.3,4,Gobierno inteligente,Smart government,4.1,Promover el uso de la inteligencia artificial en el sector público,Promote the use of AI in the public sector,Sistemas que utilicen IA implementados para mejorar la calidad de los servicios públicos y la toma de decisiones,AI-using systems implemented to improve public-service quality and decision-making,enia-4-1-3-07,28,Mejora de servicios institucionales a través de la aplicación de sistemas de IA,"Automatizar la generación de preevaluaciones de amenaza en sitios, terrenos o proyectos de interés nacional, como parte del proceso de atención de solicitudes de la Comisión Nacional de Emergencias.",Comisión Nacional de Emergencias (CNE),no-verificado,enia-solamente,,1,2026-08-21
4.1.3,4,Gobierno inteligente,Smart government,4.1,Promover el uso de la inteligencia artificial en el sector público,Promote the use of AI in the public sector,Sistemas que utilicen IA implementados para mejorar la calidad de los servicios públicos y la toma de decisiones,AI-using systems implemented to improve public-service quality and decision-making,enia-4-1-3-08,28,Mejora de servicios institucionales a través de la aplicación de sistemas de IA,"Desarrollar e implementar un chatbot institucional para la atención de personas usuarias, basado en inteligencia artificial y con capacidad de transferencia a atención humana.",Instituto Nacional de Vivienda y Urbanismo (INVU)*,no-verificado,enia-solamente,,1,2026-08-21
4.1.3,4,Gobierno inteligente,Smart government,4.1,Promover el uso de la inteligencia artificial en el sector público,Promote the use of AI in the public sector,Sistemas que utilicen IA implementados para mejorar la calidad de los servicios públicos y la toma de decisiones,AI-using systems implemented to improve public-service quality and decision-making,enia-4-1-3-09,28,Mejora de servicios institucionales a través de la aplicación de sistemas de IA,"Implementar agentes virtuales basados en inteligencia artificial para mejorar los servicios institucionales y optimizar la experiencia de los clientes, tanto a nivel interno como externo, incorporando capacidades de atención automática y transferencia a atención humana.",Instituto Nacional de Vivienda y Urbanismo (INVU)*,no-verificado,enia-solamente,,1,2026-08-21
4.1.3,4,Gobierno inteligente,Smart government,4.1,Promover el uso de la inteligencia artificial en el sector público,Promote the use of AI in the public sector,Sistemas que utilicen IA implementados para mejorar la calidad de los servicios públicos y la toma de decisiones,AI-using systems implemented to improve public-service quality and decision-making,enia-4-1-3-10,29,Mejora de servicios institucionales a través de la aplicación de sistemas de IA,"Implementar funcionalidades de inteligencia artificial, analítica y ciencia de datos que fortalezcan la gestión del Ministerio de Hacienda.",Ministerio de Hacienda,parcialmente-verificado,coincidencia-parcial,hacienda-anomaly|hacienda-asistente,1,2026-08-21
4.1.3,4,Gobierno inteligente,Smart government,4.1,Promover el uso de la inteligencia artificial en el sector público,Promote the use of AI in the public sector,Sistemas que utilicen IA implementados para mejorar la calidad de los servicios públicos y la toma de decisiones,AI-using systems implemented to improve public-service quality and decision-making,enia-4-1-3-11,29,Mejora de servicios institucionales a través de la aplicación de sistemas de IA,Elaborar un plan de acción en inteligencia artificial para la SUGEVAL e implementar un proyecto derivado de este.,Superintendencia General de Valores (Sugeval),no-verificado,no-es-sistema-ia,,1,2026-08-21
4.1.3,4,Gobierno inteligente,Smart government,4.1,Promover el uso de la inteligencia artificial en el sector público,Promote the use of AI in the public sector,Sistemas que utilicen IA implementados para mejorar la calidad de los servicios públicos y la toma de decisiones,AI-using systems implemented to improve public-service quality and decision-making,enia-4-1-3-12,29,Mejora de servicios institucionales a través de la aplicación de sistemas de IA,"Ampliar el uso de herramientas de inteligencia artificial en las Unidades Especiales —Servicio de Vigilancia Aérea, Policía de Control de Drogas, Policía de Fronteras, Servicio Nacional de Guardacostas—, en coordinación con la Fuerza Pública y la Dirección de Inteligencia y Análisis Criminal (DIAC), así como adquirir tecnologías que potencien su aplicación.",Ministerio de Seguridad Pública (MSP),no-verificado,enia-solamente,,1,2026-08-21
4.1.3,4,Gobierno inteligente,Smart government,4.1,Promover el uso de la inteligencia artificial en el sector público,Promote the use of AI in the public sector,Sistemas que utilicen IA implementados para mejorar la calidad de los servicios públicos y la toma de decisiones,AI-using systems implemented to improve public-service quality and decision-making,enia-4-1-3-13,30,Mejora de servicios institucionales a través de la aplicación de sistemas de IA,Implementar un asistente virtual inteligente para optimizar la atención a los usuarios en el INCOFER.,Instituto Costarricense de Ferrocarriles (INCOFER),no-verificado,enia-solamente,,1,2026-08-21
4.1.3,4,Gobierno inteligente,Smart government,4.1,Promover el uso de la inteligencia artificial en el sector público,Promote the use of AI in the public sector,Sistemas que utilicen IA implementados para mejorar la calidad de los servicios públicos y la toma de decisiones,AI-using systems implemented to improve public-service quality and decision-making,enia-4-1-3-14,30,Mejora de servicios institucionales a través de la aplicación de sistemas de IA,"Desarrollar soluciones tecnológicas que utilicen IA para el mejoramiento de los servicios institucionales de atención a mujeres y la rectoría técnica en normativa y políticas públicas, a la población meta.",INAMU,verificado,posible-duplicado,inamu-ela,1,2026-08-21
4.1.3,4,Gobierno inteligente,Smart government,4.1,Promover el uso de la inteligencia artificial en el sector público,Promote the use of AI in the public sector,Sistemas que utilicen IA implementados para mejorar la calidad de los servicios públicos y la toma de decisiones,AI-using systems implemented to improve public-service quality and decision-making,enia-4-1-3-15,30,Mejora de servicios institucionales a través de la aplicación de sistemas de IA,"Fortalecer la toma de decisiones y la inteligencia organizacional de la CAJA COSTARRICENSE DE SEGURO SOCIAL (CCSS) mediante el desarrollo e implementación de soluciones institucionales de BI, Big Data, análisis predictivo e inteligencia artificial con procesamiento avanzado de datos.",Caja Costarricense de Seguro Social (CCSS),parcialmente-verificado,coincidencia-parcial,ccss-aida|ccss-lidia|ccss-redimed|ccss-depuracion-listas|ccss-logistica-ia-abastecimiento,1,2026-08-21
4.1.3,4,Gobierno inteligente,Smart government,4.1,Promover el uso de la inteligencia artificial en el sector público,Promote the use of AI in the public sector,Sistemas que utilicen IA implementados para mejorar la calidad de los servicios públicos y la toma de decisiones,AI-using systems implemented to improve public-service quality and decision-making,enia-4-1-3-16,30,Mejora de servicios institucionales a través de la aplicación de sistemas de IA,"Contribuir al diseño de políticas de salud basadas en datos mediante el desarrollo de modelos predictivos con inteligencia artificial para identificar patrones clínicos y epidemiológicos, así como predecir patologías y comportamientos en los servicios de salud.",Caja Costarricense de Seguro Social (CCSS),parcialmente-verificado,coincidencia-parcial,ccss-lidia,1,2026-08-21
4.1.3,4,Gobierno inteligente,Smart government,4.1,Promover el uso de la inteligencia artificial en el sector público,Promote the use of AI in the public sector,Sistemas que utilicen IA implementados para mejorar la calidad de los servicios públicos y la toma de decisiones,AI-using systems implemented to improve public-service quality and decision-making,enia-4-1-3-17,31,Mejora de servicios institucionales a través de la aplicación de sistemas de IA,"Mejorar los procesos operativos, el control interno y las proyecciones presupuestarias mediante la aplicación de análisis avanzado y analítica predictiva con herramientas de Big Data, BI e IoT, sobre grandes volúmenes de datos financieros y administrativos institucionales.",Caja Costarricense de Seguro Social (CCSS),no-verificado,enia-solamente,,1,2026-08-21
4.1.3,4,Gobierno inteligente,Smart government,4.1,Promover el uso de la inteligencia artificial en el sector público,Promote the use of AI in the public sector,Sistemas que utilicen IA implementados para mejorar la calidad de los servicios públicos y la toma de decisiones,AI-using systems implemented to improve public-service quality and decision-making,enia-4-1-3-18,31,Mejora de servicios institucionales a través de la aplicación de sistemas de IA,"Promover el uso institucional de tecnologías emergentes mediante procesos de sensibilización, formación y ejecución de pruebas piloto en entornos TIC que integren inteligencia artificial, automatización y programación visual.",Caja Costarricense de Seguro Social (CCSS),parcialmente-verificado,coincidencia-parcial,ccss-tec-formacion,1,2026-08-21
4.1.3,4,Gobierno inteligente,Smart government,4.1,Promover el uso de la inteligencia artificial en el sector público,Promote the use of AI in the public sector,Sistemas que utilicen IA implementados para mejorar la calidad de los servicios públicos y la toma de decisiones,AI-using systems implemented to improve public-service quality and decision-making,enia-4-1-3-19,31,Mejora de servicios institucionales a través de la aplicación de sistemas de IA,"Desarrollar soluciones de auditoría automatizada basadas en inteligencia artificial para detectar patrones de comportamiento inusuales o inconsistentes en el sistema de información SIES del MISE, como apoyo a la transparencia y eficiencia institucional.",Caja Costarricense de Seguro Social (CCSS),no-verificado,enia-solamente,,1,2026-08-21
4.1.3,4,Gobierno inteligente,Smart government,4.1,Promover el uso de la inteligencia artificial en el sector público,Promote the use of AI in the public sector,Sistemas que utilicen IA implementados para mejorar la calidad de los servicios públicos y la toma de decisiones,AI-using systems implemented to improve public-service quality and decision-making,enia-4-1-3-20,32,Mejora de servicios institucionales a través de la aplicación de sistemas de IA,"Diseñar y aplicar modelos basados en IA para optimizar el otorgamiento de beneficios económicos institucionales, análisis de perfiles y predicción de necesidades, mejorando la equidad y eficiencia.",Caja Costarricense de Seguro Social (CCSS),no-verificado,enia-solamente,,1,2026-08-21
4.1.3,4,Gobierno inteligente,Smart government,4.1,Promover el uso de la inteligencia artificial en el sector público,Promote the use of AI in the public sector,Sistemas que utilicen IA implementados para mejorar la calidad de los servicios públicos y la toma de decisiones,AI-using systems implemented to improve public-service quality and decision-making,enia-4-1-3-21,32,Mejora de servicios institucionales a través de la aplicación de sistemas de IA,Fortalecer la toma de decisiones y la inteligencia organizacional de la CCSS.,Caja Costarricense de Seguro Social (CCSS),parcialmente-verificado,posible-duplicado,ccss-aida|ccss-lidia|ccss-redimed|ccss-depuracion-listas|ccss-logistica-ia-abastecimiento,1,2026-08-21
4.1.3,4,Gobierno inteligente,Smart government,4.1,Promover el uso de la inteligencia artificial en el sector público,Promote the use of AI in the public sector,Sistemas que utilicen IA implementados para mejorar la calidad de los servicios públicos y la toma de decisiones,AI-using systems implemented to improve public-service quality and decision-making,enia-4-1-3-22,32,Mejora de servicios institucionales a través de la aplicación de sistemas de IA,"Promover el uso institucional de tecnologías emergentes mediante la sensibilización, formación y pruebas piloto en entornos TIC que incorporen IA, automatización y programación visual.",Caja Costarricense de Seguro Social (CCSS),parcialmente-verificado,posible-duplicado,ccss-tec-formacion,1,2026-08-21
4.1.3,4,Gobierno inteligente,Smart government,4.1,Promover el uso de la inteligencia artificial en el sector público,Promote the use of AI in the public sector,Sistemas que utilicen IA implementados para mejorar la calidad de los servicios públicos y la toma de decisiones,AI-using systems implemented to improve public-service quality and decision-making,enia-4-1-3-23,32,Mejora de servicios institucionales a través de la aplicación de sistemas de IA,"Desarrollar soluciones de auditoría automatizada con IA sobre patrones de comportamiento inusuales o inconsistentes en el sistema de información SIES del MISE, como apoyo a la transparencia y eficiencia institucional.",Caja Costarricense de Seguro Social (CCSS),no-verificado,posible-duplicado,,1,2026-08-21
4.1.3,4,Gobierno inteligente,Smart government,4.1,Promover el uso de la inteligencia artificial en el sector público,Promote the use of AI in the public sector,Sistemas que utilicen IA implementados para mejorar la calidad de los servicios públicos y la toma de decisiones,AI-using systems implemented to improve public-service quality and decision-making,enia-4-1-3-24,33,Mejora de servicios institucionales a través de la aplicación de sistemas de IA,"Implementar un sistema de inteligencia artificial para el análisis y la clasificación automatizada de reclamos médicos en el INS, con el fin de mejorar los tiempos de atención, la calidad del servicio y la trazabilidad operativa, integrándolo en el Catálogo Digital de Proyectos de IA del Sector Público para fortalecer la visibilidad, la colaboración interinstitucional y la adopción responsable de la IA en el Estado costarricense.",Instituto Nacional de Seguros (INS),verificado,mapeado-exacto,ins-reclamos-medicos-ia,1,2026-08-21
4.1.3,4,Gobierno inteligente,Smart government,4.1,Promover el uso de la inteligencia artificial en el sector público,Promote the use of AI in the public sector,Sistemas que utilicen IA implementados para mejorar la calidad de los servicios públicos y la toma de decisiones,AI-using systems implemented to improve public-service quality and decision-making,enia-4-1-3-25,33,Mejora de servicios institucionales a través de la aplicación de sistemas de IA,"Mejorar la seguridad pública mediante el uso de información del OIJ y otras fuentes para crear perfiles cantonales, generar predicciones de homicidios a corto plazo y realizar cruces con variables geográficas, con el fin de fortalecer los sistemas de control, monitoreo y prevención.",Instituto Costarricense de Electricidad (ICE)*,no-verificado,enia-solamente,,1,2026-08-21
4.1.3,4,Gobierno inteligente,Smart government,4.1,Promover el uso de la inteligencia artificial en el sector público,Promote the use of AI in the public sector,Sistemas que utilicen IA implementados para mejorar la calidad de los servicios públicos y la toma de decisiones,AI-using systems implemented to improve public-service quality and decision-making,enia-4-1-3-26,33,Mejora de servicios institucionales a través de la aplicación de sistemas de IA,"Incorporar inteligencia artificial en los procesos de reclutamiento y selección de la institución, con el fin de aumentar la eficiencia de estas actividades.",Instituto Costarricense de Acueductos y Alcantarillados (AYA)*,no-verificado,enia-solamente,,1,2026-08-21
4.1.3,4,Gobierno inteligente,Smart government,4.1,Promover el uso de la inteligencia artificial en el sector público,Promote the use of AI in the public sector,Sistemas que utilicen IA implementados para mejorar la calidad de los servicios públicos y la toma de decisiones,AI-using systems implemented to improve public-service quality and decision-making,enia-4-1-3-27,34,Mejora de servicios institucionales a través de la aplicación de sistemas de IA,Incorporar inteligencia artificial en los procesos de análisis de precios y revisión de documentos para la elaboración de informes y cuadros comparativos en la evaluación de ofertas de compra.,Instituto Costarricense de Acueductos y Alcantarillados (AYA)*,no-verificado,enia-solamente,,1,2026-08-21
4.1.3,4,Gobierno inteligente,Smart government,4.1,Promover el uso de la inteligencia artificial en el sector público,Promote the use of AI in the public sector,Sistemas que utilicen IA implementados para mejorar la calidad de los servicios públicos y la toma de decisiones,AI-using systems implemented to improve public-service quality and decision-making,enia-4-1-3-28,34,Mejora de servicios institucionales a través de la aplicación de sistemas de IA,Incorporar inteligencia artificial en el análisis de datos y en la elaboración de informes relacionados con la gestión del proyecto de reducción de agua no contabilizada.,Instituto Costarricense de Acueductos y Alcantarillados (AYA)*,no-verificado,enia-solamente,,1,2026-08-21
4.1.3,4,Gobierno inteligente,Smart government,4.1,Promover el uso de la inteligencia artificial en el sector público,Promote the use of AI in the public sector,Sistemas que utilicen IA implementados para mejorar la calidad de los servicios públicos y la toma de decisiones,AI-using systems implemented to improve public-service quality and decision-making,enia-4-1-3-29,34,Mejora de servicios institucionales a través de la aplicación de sistemas de IA,Implementar automatización robótica de procesos (RPA) para optimizar y mejorar los procesos empresariales.,Refinadora Costarricense de Petróleo S.A (RECOPE),no-verificado,no-es-sistema-ia,,1,2026-08-21
4.1.3,4,Gobierno inteligente,Smart government,4.1,Promover el uso de la inteligencia artificial en el sector público,Promote the use of AI in the public sector,Sistemas que utilicen IA implementados para mejorar la calidad de los servicios públicos y la toma de decisiones,AI-using systems implemented to improve public-service quality and decision-making,enia-4-1-3-30,35,Mejora de servicios institucionales a través de la aplicación de sistemas de IA,"Desarrollar modelos predictivos con IA para identificar patrones clínicos o epidemiológicos en la prestación de servicios, contribuyendo al diseño de políticas de salud basadas en datos.",Caja Costarricense de Seguro Social (CCSS),parcialmente-verificado,posible-duplicado,ccss-lidia,1,2026-08-21
4.1.4,4,Gobierno inteligente,Smart government,4.1,Promover el uso de la inteligencia artificial en el sector público,Promote the use of AI in the public sector,Procesos de Compra Pública Innovadora para adquirir herramientas basadas en IA,Public Procurement of Innovation processes established to acquire AI-based tools,enia-4-1-4-01,35,Habilidades y capacidades en compras públicas para promover la implementación de IA,Promover actividades de capacitación en compras públicas innovadoras para la adquisición de herramientas basadas en IA,PROMOTORA,no-verificado,no-es-sistema-ia,,2,2026-08-21
4.1.4,4,Gobierno inteligente,Smart government,4.1,Promover el uso de la inteligencia artificial en el sector público,Promote the use of AI in the public sector,Procesos de Compra Pública Innovadora para adquirir herramientas basadas en IA,Public Procurement of Innovation processes established to acquire AI-based tools,enia-4-1-4-02,35,Mejora de servicios de salud a través de la aplicación de sistemas de IA,Adquirir nuevas tecnologías y sistemas digitales en IA que puedan mejorar los servicios del Ministerio de Salud,MINSA,no-verificado,enia-solamente,,1,2026-08-21
4.2.1,4,Gobierno inteligente,Smart government,4.2,Fortalecer la capacidad institucional para gestionar riesgos y responder a incidentes relacionados con IA,Strengthen institutional capacity to manage risks and respond to AI-related incidents,Capacidades técnicas de las personas funcionarias del sector público para formular e implementar proyectos apoyados con IA potenciadas,Public officials’ technical capacity strengthened to formulate and implement AI-supported projects,enia-4-2-1-01,35,Desarrollo de capacidades técnicas para la formulación e implementación de proyectos de gobierno digital con apoyo de la IA,Fomentar el desarrollo de competencias que permita impulsar proyectos y gestionar los riesgos asociados a la implementación de proyectos basado en IA,MICITT-DGDCD,no-verificado,no-es-sistema-ia,,1,2026-08-21
4.2.1,4,Gobierno inteligente,Smart government,4.2,Fortalecer la capacidad institucional para gestionar riesgos y responder a incidentes relacionados con IA,Strengthen institutional capacity to manage risks and respond to AI-related incidents,Capacidades técnicas de las personas funcionarias del sector público para formular e implementar proyectos apoyados con IA potenciadas,Public officials’ technical capacity strengthened to formulate and implement AI-supported projects,enia-4-2-1-02,36,Desarrollo de capacidades técnicas para la formulación e implementación de proyectos de gobierno digital con apoyo de la IA,"Desarrollar en el personal institucional las capacidades necesarias para el uso, adopción y desarrollo de herramientas de inteligencia artificial.",Ministerio de Planificación y Política Económica (MIDEPLAN)*,no-verificado,no-es-sistema-ia,,1,2026-08-21
4.2.2,4,Gobierno inteligente,Smart government,4.2,Fortalecer la capacidad institucional para gestionar riesgos y responder a incidentes relacionados con IA,Strengthen institutional capacity to manage risks and respond to AI-related incidents,Protección integral de datos y sistemas en entornos de IA fortalecida mediante capacidades en ciberseguridad y gestión de riesgos,Data and systems protection in AI environments strengthened through cybersecurity and risk-management capacity,enia-4-2-2-01,36,Capacidades técnicas DC para el impulso y la protección de los datos en los entornos de IA,Fomentar el desarrollo de competencias de la DC y los actores clave que permita impulsar proyectos y gestionar los riesgos asociados a la implementación de proyectos basado en IA,MICITT-DC,no-verificado,no-es-sistema-ia,,1,2026-08-21
4.2.2,4,Gobierno inteligente,Smart government,4.2,Fortalecer la capacidad institucional para gestionar riesgos y responder a incidentes relacionados con IA,Strengthen institutional capacity to manage risks and respond to AI-related incidents,Protección integral de datos y sistemas en entornos de IA fortalecida mediante capacidades en ciberseguridad y gestión de riesgos,Data and systems protection in AI environments strengthened through cybersecurity and risk-management capacity,enia-4-2-2-02,37,Capacidades técnicas DC para el impulso y la protección de los datos en los entornos de IA,Desarrollar de capacidades en ciberseguridad y la promoción de una cultura orientada a la gestión de riesgos,Ministerio de Hacienda,no-verificado,no-es-sistema-ia,,1,2026-08-21
4.2.2,4,Gobierno inteligente,Smart government,4.2,Fortalecer la capacidad institucional para gestionar riesgos y responder a incidentes relacionados con IA,Strengthen institutional capacity to manage risks and respond to AI-related incidents,Protección integral de datos y sistemas en entornos de IA fortalecida mediante capacidades en ciberseguridad y gestión de riesgos,Data and systems protection in AI environments strengthened through cybersecurity and risk-management capacity,enia-4-2-2-03,37,Capacidades técnicas DC para el impulso y la protección de los datos en los entornos de IA,Desarrollar webinar y MOOC relacionados con ciberseguridad y gestión de riesgos para personas funcionarias del Ministerio de Hacienda,Ministerio de Hacienda,no-verificado,no-es-sistema-ia,,1,2026-08-21
5.1.1,5,Capacitación y formación de talento,Skills and talent development,5.1,Introducir la IA en la mejora de las capacidades de las personas,Use AI to improve people’s capabilities,Necesidades y demandas de capacidades en IA de la población identificadas para diseñar programas de formación,Population AI-capacity needs and demands identified to inform training programs,enia-5-1-1-01,38,Mapeo necesidades de capacidades en IA en Costa Rica,"Conocer las necesidades de la población asociadas a la adopción, uso y gestión de la IA en CR, para el diseño ajustado al usuario de programas de formación que reduzcan la brecha existente",MICITT-DASC,no-verificado,no-es-sistema-ia,,1,2026-08-21
5.1.1,5,Capacitación y formación de talento,Skills and talent development,5.1,Introducir la IA en la mejora de las capacidades de las personas,Use AI to improve people’s capabilities,Necesidades y demandas de capacidades en IA de la población identificadas para diseñar programas de formación,Population AI-capacity needs and demands identified to inform training programs,enia-5-1-1-02,38,Mapeo necesidades de capacidades en IA en Costa Rica,"Analizar datos estadísticos de censos para identificar zonas geográficas con oportunidades de mejora en la educación, cruzando esta información con la infraestructura institucional para determinar lugares y habilitar espacios de educación virtual",Instituto Costarricense de Electricidad (ICE)*,no-verificado,no-es-sistema-ia,,1,2026-08-21
5.1.1,5,Capacitación y formación de talento,Skills and talent development,5.1,Introducir la IA en la mejora de las capacidades de las personas,Use AI to improve people’s capabilities,Necesidades y demandas de capacidades en IA de la población identificadas para diseñar programas de formación,Population AI-capacity needs and demands identified to inform training programs,enia-5-1-1-03,39,Habilidades y capacidades en IA - MEP,"Coordinar la participación del MEP en el comité de seguimiento de la ENIA, que asegure el cumplimiento de los compromisos institucionales, la implementación de acciones que favorezcan la consolidación de las estrategias propuestas y se promueva la articulación intersectorial para políticas de IA en educación.",Ministerio de Educación Pública (MEP),no-verificado,no-es-sistema-ia,,1,2026-08-21
5.1.2,5,Capacitación y formación de talento,Skills and talent development,5.1,Introducir la IA en la mejora de las capacidades de las personas,Use AI to improve people’s capabilities,Estrategia para la alfabetización en IA a través de los CECI formulada y ejecutada,AI-literacy strategy formulated and delivered through CECI centers,enia-5-1-2-01,39,Capacitaciones de IA en CECI,"Generar capacidades introductorias en IA para todos los niveles de la comunidad como parte de la estrategia de alfabetización de los CECI, a partir del plan de sensibilización diseñado, según el mapeo y priorización de necesidades realizado, con el fin de contribuir al cierre de brechas y la alfabetización digital asociados a IA, a través de los CECI",MICITT-DASC,no-verificado,no-es-sistema-ia,,1,2026-08-21
5.1.3,5,Capacitación y formación de talento,Skills and talent development,5.1,Introducir la IA en la mejora de las capacidades de las personas,Use AI to improve people’s capabilities,Programas de capacitación y formación para el reskilling y upskilling de la fuerza laboral costarricense implementados,Reskilling and upskilling programs implemented for Costa Rica’s workforce,enia-5-1-3-01,40,Habilidades y capacidades en IA,"Promover el desarrollo de programas de reskilling y upskilling en la fuerza laboral costarricense que permita la recalificación profesional asociadas a uso, implementación y desarrollo de la IA",INA DINADECO IFAM PROMOTORAINDER,no-verificado,no-es-sistema-ia,,1,2026-08-21
5.1.3,5,Capacitación y formación de talento,Skills and talent development,5.1,Introducir la IA en la mejora de las capacidades de las personas,Use AI to improve people’s capabilities,Programas de capacitación y formación para el reskilling y upskilling de la fuerza laboral costarricense implementados,Reskilling and upskilling programs implemented for Costa Rica’s workforce,enia-5-1-3-02,40,Habilidades y capacidades en IA,"Generar capacidades, habilidades y espacios de conocimiento para el uso responsable y el acceso a la IA en la población costarricense",Ministerio de Justicia y Paz (MJ),no-verificado,no-es-sistema-ia,,1,2026-08-21
5.1.3,5,Capacitación y formación de talento,Skills and talent development,5.1,Introducir la IA en la mejora de las capacidades de las personas,Use AI to improve people’s capabilities,Programas de capacitación y formación para el reskilling y upskilling de la fuerza laboral costarricense implementados,Reskilling and upskilling programs implemented for Costa Rica’s workforce,enia-5-1-3-03,40,Habilidades y capacidades en IA,"Iniciar un proceso de alfabetización en inteligencia artificial con dos enfoques: técnico, para que ingenieros y personal de diversas áreas se formen y aprovechen las ventajas de la IA en sus funciones; y de usuario final, para que, mediante instrucción básica o guiada por personal capacitado, puedan utilizar la tecnología y mejorar sus tareas.",Refinadora Costarricense de Petróleo S.A (RECOPE),no-verificado,no-es-sistema-ia,,1,2026-08-21
5.1.3,5,Capacitación y formación de talento,Skills and talent development,5.1,Introducir la IA en la mejora de las capacidades de las personas,Use AI to improve people’s capabilities,Programas de capacitación y formación para el reskilling y upskilling de la fuerza laboral costarricense implementados,Reskilling and upskilling programs implemented for Costa Rica’s workforce,enia-5-1-3-04,41,Habilidades y capacidades en IA,"Gestionar la alfabetización en inteligencia artificial del personal de la empresa en dos niveles: técnico, dirigido a ingenieros y profesionales con capacidad analítica para comprender la tecnología y proponer mejoras en las labores sustantivas; y de usuario final, orientado a personas con conocimientos básicos que puedan emplear la IA para optimizar sus tareas diarias.",Refinadora Costarricense de Petróleo S.A (RECOPE),no-verificado,posible-duplicado,,1,2026-08-21
5.1.3,5,Capacitación y formación de talento,Skills and talent development,5.1,Introducir la IA en la mejora de las capacidades de las personas,Use AI to improve people’s capabilities,Programas de capacitación y formación para el reskilling y upskilling de la fuerza laboral costarricense implementados,Reskilling and upskilling programs implemented for Costa Rica’s workforce,enia-5-1-3-05,41,Habilidades y capacidades en IA,"Impulsar la transformación digital del Ministerio de Economía, Industria y Comercio (MEIC) mediante procesos continuos de educación, capacitación y transferencia tecnológica dirigidos a sus funcionarios, con el fin de implementar mejores prácticas en tecnologías emergentes y fortalecer las competencias del recurso humano institucional.","Ministerio de Economía, Industria Comerio (MEIC)",no-verificado,no-es-sistema-ia,,1,2026-08-21
5.1.3,5,Capacitación y formación de talento,Skills and talent development,5.1,Introducir la IA en la mejora de las capacidades de las personas,Use AI to improve people’s capabilities,Programas de capacitación y formación para el reskilling y upskilling de la fuerza laboral costarricense implementados,Reskilling and upskilling programs implemented for Costa Rica’s workforce,enia-5-1-3-06,42,Cierre de brecha de género,Promover la participación igualitaria de mujeres y hombres en la formación profesional en los programas relacionados con IA del INA,INA,no-verificado,no-es-sistema-ia,,2,2026-08-21
5.1.3,5,Capacitación y formación de talento,Skills and talent development,5.1,Introducir la IA en la mejora de las capacidades de las personas,Use AI to improve people’s capabilities,Programas de capacitación y formación para el reskilling y upskilling de la fuerza laboral costarricense implementados,Reskilling and upskilling programs implemented for Costa Rica’s workforce,enia-5-1-3-07,42,Atención de población menor de edad,"Implementar, en coordinación con la Unidad de Capacitación del PANI, dos procesos formativos sobre el uso de la inteligencia artificial que fortalezcan las capacidades institucionales y promuevan el reconocimiento de las implicaciones de su aplicación en población menor de edad.",Patronato Nacional de la Infancia (PANI),no-verificado,no-es-sistema-ia,,1,2026-08-21
5.2.1,5,Capacitación y formación de talento,Skills and talent development,5.2,Incluir la IA en procesos educativos formales y no formales,Include AI in formal and non-formal education,Procesos de capacitación y formación docente para generar habilidades y capacidades en IA implementados,Teacher training processes implemented to build AI skills and capabilities,enia-5-2-1-01,43,Habilidades y capacidades en IA,"Capacitar permanentemente al personal docente de acuerdo con las habilidadesy técnicas actuales y futuras, requeridas para el mejoramiento de la calidad de los servicios del INA",INA,no-verificado,no-es-sistema-ia,,1,2026-08-21
5.2.1,5,Capacitación y formación de talento,Skills and talent development,5.2,Incluir la IA en procesos educativos formales y no formales,Include AI in formal and non-formal education,Procesos de capacitación y formación docente para generar habilidades y capacidades en IA implementados,Teacher training processes implemented to build AI skills and capabilities,enia-5-2-1-02,43,Habilidades y capacidades en IA – MEP,"Implementar un plan de formación permanente mediante diferentes estrategias formativas dirigidas al personal docente y técnico-docente en ejercicio, enfocada hacia la comprensión, uso pedagógico y consideraciones éticas de la IA.",Ministerio de Educación Pública (MEP),no-verificado,no-es-sistema-ia,,2,2026-08-21
5.2.1,5,Capacitación y formación de talento,Skills and talent development,5.2,Incluir la IA en procesos educativos formales y no formales,Include AI in formal and non-formal education,Procesos de capacitación y formación docente para generar habilidades y capacidades en IA implementados,Teacher training processes implemented to build AI skills and capabilities,enia-5-2-1-03,44,Habilidades y capacidades en IA – MEP,"Garantizar el acceso estable, seguro y de alta velocidad a Internet en centros educativos, priorizando zonas rurales y vulnerables. Coordinación interinstitucional con MICITT y otras entidades para desplegar infraestructura y monitorear cobertura.",Ministerio de Educación Pública (MEP),no-verificado,no-es-sistema-ia,,1,2026-08-21
5.2.2,5,Capacitación y formación de talento,Skills and talent development,5.2,Incluir la IA en procesos educativos formales y no formales,Include AI in formal and non-formal education,Actividades de capacitación y talleres sobre IA promovidos en los LINC para la sociedad civil,AI training activities and workshops promoted at LINC labs for civil society,enia-5-2-2-01,44,Habilidades y capacidades en IA,"Fomentar alianzas estratégicas para la capacitación de la población en general en temas asociados de IA, haciendo uso de los LINC",MICITT-DIDI,parcialmente-verificado,mapeado-exacto,micitt-linc,1,2026-08-21
5.2.3,5,Capacitación y formación de talento,Skills and talent development,5.2,Incluir la IA en procesos educativos formales y no formales,Include AI in formal and non-formal education,Oferta de Formación Tecnológica aumentada con contenidos relacionados con IA,Technology Education offering expanded with AI-related content,enia-5-2-3-01,44,Habilidades y capacidades en IA - MEP,"Garantizar la funcionalidad, cobertura y estabilidad adecuadas de las redes de telemática internas de los centros educativos que permitan el acceso a internet desde todos los espacios institucionales destinados a los procesos educativos que así lo requieran.",Ministerio de Educación Pública (MEP),no-verificado,no-es-sistema-ia,,2,2026-08-21
5.2.3,5,Capacitación y formación de talento,Skills and talent development,5.2,Incluir la IA en procesos educativos formales y no formales,Include AI in formal and non-formal education,Oferta de Formación Tecnológica aumentada con contenidos relacionados con IA,Technology Education offering expanded with AI-related content,enia-5-2-3-02,45,Habilidades y capacidades en IA - MEP,"Incorporar progresivamente aprendizajes para la inteligencia artificial, ética digital, pensamiento computacional y alfabetización en IA en los programas de estudio de primaria y secundaria académica.",Ministerio de Educación Pública (MEP),parcialmente-verificado,coincidencia-parcial,mep-intel,3,2026-08-21
5.2.4,5,Capacitación y formación de talento,Skills and talent development,5.2,Incluir la IA en procesos educativos formales y no formales,Include AI in formal and non-formal education,Oferta de capacitación virtual autogestionada con contenidos de IA para la población estudiantil diseñada,Self-paced virtual AI training offering designed for students,enia-5-2-4-01,45,Habilidades y capacidades en IA - MEP,"Promover convenios y colaboraciones con organismos internacionales, agencias de cooperación, sector privado, academia y sector público para el desarrollo de infraestructura tecnológica, contenidos, formación y recursos relacionados con la IA en el sistema educativo.",Ministerio de Educación Pública (MEP),no-verificado,no-es-sistema-ia,,2,2026-08-21
5.2.5,5,Capacitación y formación de talento,Skills and talent development,5.2,Incluir la IA en procesos educativos formales y no formales,Include AI in formal and non-formal education,Procesos de formación de técnico medio en la carrera técnica de IA del MEP,Upper-secondary technical training delivered through the MEP AI technical program,enia-5-2-5-01,46,Habilidades y capacidades en IA,Promover la oferta educativa de la carrera técnica de Inteligencia Artificial en centros educativos que imparten especialidades técnicas del nivel medio.,Ministerio de Educación Pública (MEP),verificado,mapeado-exacto,mep-intel,3,2026-08-21
6.1.1,6,Infraestructura digital y tecnologías habilitantes,Digital infrastructure and enabling technologies,6.1,Desplegar la infraestructura digital como mecanismo habilitante,Deploy digital infrastructure as an enabling mechanism,Espectro radioeléctrico aprovechado para servicios de telecomunicaciones innovadores y aplicaciones avanzadas de IA,Radio spectrum leveraged for innovative telecommunications services and advanced AI applications,enia-6-1-1-01,47,Optimización y asignación eficiente del espectro radioeléctrico para fomentar la competitividad y expansión de redes 5G,"Habilitar espectro radioeléctrico mediante procesos de concurso público para el desarrollo de sistemas IMT. Específicamente, contar con múltiples ofertas de servicios disponibles al público sobre redes del ecosistema 5G a más tardar, al 2025",MICITT- Viceministerio de Telecomunicaciones,no-verificado,no-es-sistema-ia,,1,2026-08-21
6.1.1,6,Infraestructura digital y tecnologías habilitantes,Digital infrastructure and enabling technologies,6.1,Desplegar la infraestructura digital como mecanismo habilitante,Deploy digital infrastructure as an enabling mechanism,Espectro radioeléctrico aprovechado para servicios de telecomunicaciones innovadores y aplicaciones avanzadas de IA,Radio spectrum leveraged for innovative telecommunications services and advanced AI applications,enia-6-1-1-02,47,Armonización normativa del espectro radioeléctrico para fomentar servicios de telecomunicaciones innovadores.,"Gestionar el espectro radioeléctrico aplicando lineamientos técnicos para promover su uso óptimo y la habilitación de tecnologías dirigidas a la implementación de servicios de telecomunicaciones innovadores. Específicamente, armonizar la normativa nacional con el Reglamento de Radiocomunicaciones de la UIT vigente y sus modificaciones, así como con la normativa internacional, al 2026",MICITT- Viceministerio de Telecomunicaciones,no-verificado,no-es-sistema-ia,,1,2026-08-21
6.1.1,6,Infraestructura digital y tecnologías habilitantes,Digital infrastructure and enabling technologies,6.1,Desplegar la infraestructura digital como mecanismo habilitante,Deploy digital infrastructure as an enabling mechanism,Espectro radioeléctrico aprovechado para servicios de telecomunicaciones innovadores y aplicaciones avanzadas de IA,Radio spectrum leveraged for innovative telecommunications services and advanced AI applications,enia-6-1-1-03,48,Armonización normativa del espectro radioeléctrico para fomentar servicios de telecomunicaciones innovadores.,"Implementar despliegues de infraestructura 5G en zonas urbanas, rurales y polos tecnológicos, habilitando casos de uso de IA en sectores como salud, agricultura inteligente y educación digital.",Radiográfica de Costarricense S.A (RACSA),no-verificado,no-es-sistema-ia,,1,2026-08-21
6.1.2,6,Infraestructura digital y tecnologías habilitantes,Digital infrastructure and enabling technologies,6.1,Desplegar la infraestructura digital como mecanismo habilitante,Deploy digital infrastructure as an enabling mechanism,"Centro Nacional de Excelencia para promover investigación, desarrollo e implementación de tecnologías avanzadas de IA establecido","National Center of Excellence established to promote advanced AI research, development and implementation",enia-6-1-2-01,48,"Centro Nacional de Excelencia, IA","Establecer el diseño y el marco de gestión del Centro Nacional de Excelencia que promueva la participación y colaboración intersectorial (empresas, universidades, sector público) para el fomento de proyectos en IA de alto impacto",MICITT-DASC,no-verificado,coincidencia-parcial,cenat-lania,1,2026-08-21
6.1.3,6,Infraestructura digital y tecnologías habilitantes,Digital infrastructure and enabling technologies,6.1,Desplegar la infraestructura digital como mecanismo habilitante,Deploy digital infrastructure as an enabling mechanism,Infraestructura de cómputo instalada para desarrollar capacidades de IA en el país,Computing infrastructure installed to develop national AI capabilities,enia-6-1-3-01,48,Infraestructura de cómputo para capacidades de IA en el país,Fortalecer las capacidades de cómputo del país para generar capacidades en los diferentes sectores,MICITT,no-verificado,no-es-sistema-ia,,1,2026-08-21
6.1.3,6,Infraestructura digital y tecnologías habilitantes,Digital infrastructure and enabling technologies,6.1,Desplegar la infraestructura digital como mecanismo habilitante,Deploy digital infrastructure as an enabling mechanism,Infraestructura de cómputo instalada para desarrollar capacidades de IA en el país,Computing infrastructure installed to develop national AI capabilities,enia-6-1-3-02,49,Infraestructura de cómputo para capacidades de IA en el país,"Desarrollar una infraestructura de cómputo para la implementación de inteligencia artificial en loterías, abarcando desde la recolección de datos hasta la ejecución de modelos que optimicen la distribución, analicen patrones en los sorteos, gestionen la devolución de lotería y mejoren la experiencia del usuario.",Junta de Protección Social (JPS)*,no-verificado,enia-solamente,,1,2026-08-21
6.1.3,6,Infraestructura digital y tecnologías habilitantes,Digital infrastructure and enabling technologies,6.1,Desplegar la infraestructura digital como mecanismo habilitante,Deploy digital infrastructure as an enabling mechanism,Infraestructura de cómputo instalada para desarrollar capacidades de IA en el país,Computing infrastructure installed to develop national AI capabilities,enia-6-1-3-03,49,Infraestructura de cómputo para capacidades de IA en el país,"Adquirir tecnología con capacidades integradas de inteligencia artificial para la gestión de la infraestructura, incluyendo componentes que mejoren áreas como la ciberseguridad y fortalezcan las capacidades institucionales.",Refinadora Costarricense de Petróleo S.A (RECOPE),no-verificado,enia-solamente,,1,2026-08-21
7.1.1,7,Liderazgo internacional,International leadership,7.1,Posicionar a Costa Rica como referente en el marco de la gobernanza global de IA,Position Costa Rica as a leader in global AI governance,"Colaboración internacional en un marco de gobernanza global de IA confiable, segura y responsable","International collaboration advanced toward trustworthy, safe and responsible global AI governance",enia-7-1-1-01,50,Posicionamiento país en temas de IA,"Posicionar al país como referente en el marco de la Gobernanza Global de IA, a través de la incidencia en grupos de trabajo y organizaciones globales.",MICITT,no-verificado,no-es-sistema-ia,,2,2026-08-21
7.1.1,7,Liderazgo internacional,International leadership,7.1,Posicionar a Costa Rica como referente en el marco de la gobernanza global de IA,Position Costa Rica as a leader in global AI governance,"Colaboración internacional en un marco de gobernanza global de IA confiable, segura y responsable","International collaboration advanced toward trustworthy, safe and responsible global AI governance",enia-7-1-1-02,50,Posicionamiento país en temas de IA,"Promover la inclusión en acuerdos comerciales de disposiciones relacionadas con tecnologías de inteligencia artificial éticas, seguras y responsables, en el marco de los temas y competencias a cargo de COMEX.",MICITT,no-verificado,no-es-sistema-ia,,1,2026-08-21
7.1.2,7,Liderazgo internacional,International leadership,7.1,Posicionar a Costa Rica como referente en el marco de la gobernanza global de IA,Position Costa Rica as a leader in global AI governance,Oportunidades de financiamiento nacionales e internacionales para el desarrollo de IA identificadas,Domestic and international financing opportunities identified for AI development,enia-7-1-2-01,51,Financiamiento para la IA,"Promover el desarrollo de actividades científicas asociadas a la IA, a través de alianzas estratégicas y cooperación internacional, a partir de casos de éxito en la implementación de sistemas de IA beneficiosos para el país",MICITT-DIDI,no-verificado,no-es-sistema-ia,,1,2026-08-21
